,Word,Power
0,sense,102.9
1,death,142.5
2,loath,150.0
3,arbor,122.4
4,windy,100.5
5,aptly,135.0
6,touch,130.5
7,pedal,138.0
8,fluke,111.0
9,nicer,148.5
10,lipid,98.7
11,dowry,114.0
12,seedy,111.0
13,split,133.5
14,semen,111.0
15,zesty,120.0
16,aside,147.0
17,oddly,105.6
18,moron,113.1
19,steep,120.0
20,tease,139.5
21,entry,150.0
22,shorn,139.5
23,cower,135.0
24,gypsy,83.7
25,ionic,115.2
26,fungi,103.5
27,paint,138.0
28,share,154.5
29,write,139.5
30,wharf,108.0
31,filth,120.0
32,fancy,115.5
33,mucky,90.0
34,axial,106.2
35,avert,145.5
36,fishy,106.5
37,otter,142.8
38,scaly,136.5
39,wafer,126.0
40,sissy,87.3
41,woozy,71.1
42,fruit,129.0
43,hotel,151.5
44,putty,99.3
45,wispy,100.5
46,robin,133.5
47,terse,138.0
48,naive,133.5
49,loose,134.1
50,unwed,112.5
51,nadir,142.5
52,token,136.5
53,trial,160.5
54,altar,139.2
55,brine,138.0
56,logic,129.0
57,basis,108.9
58,error,118.80000000000001
59,blank,112.5
60,brick,106.5
61,motel,145.5
62,whelp,111.0
63,eagle,126.0
64,leaky,133.5
65,solar,160.5
66,terra,146.4
67,gorge,123.0
68,droll,121.5
69,pleat,151.5
70,scrum,121.5
71,manga,97.2
72,fence,103.5
73,cliff,93.6
74,embed,88.5
75,heavy,120.0
76,curry,108.9
77,condo,105.6
78,roach,145.5
79,stock,123.0
80,naval,104.7
81,ruler,132.9
82,blurt,132.0
83,mound,114.0
84,aroma,124.2
85,woody,86.1
86,gloss,110.4
87,filmy,103.5
88,wider,126.0
89,clean,151.5
90,poppy,77.1
91,bezel,90.0
92,piano,139.5
93,dusky,99.0
94,lofty,126.0
95,equal,129.0
96,panic,129.0
97,wench,112.5
98,segue,111.0
99,nerdy,136.5
100,tight,100.8
101,funny,86.1
102,vigor,117.0
103,dumpy,93.0
104,freed,108.0
105,wagon,117.0
106,warty,130.5
107,agent,145.5
108,pulse,135.0
109,aorta,142.2
110,plush,117.0
111,crimp,115.5
112,throb,130.5
113,sheik,121.5
114,tonic,141.0
115,major,117.0
116,known,80.1
117,quash,108.0
118,untie,147.0
119,spent,138.0
120,delay,142.5
121,might,108.0
122,after,150.0
123,sally,120.0
124,tread,157.5
125,lilac,123.0
126,booty,104.1
127,optic,132.0
128,final,130.5
129,audio,139.5
130,salad,118.2
131,usurp,106.8
132,alley,130.5
133,pasta,118.2
134,poker,130.5
135,judge,94.5
136,fatty,105.3
137,never,111.0
138,horse,151.5
139,total,136.8
140,toddy,107.1
141,taken,139.5
142,artsy,150.0
143,spiky,102.0
144,swath,121.5
145,blaze,118.5
146,idyll,103.5
147,jetty,96.3
148,creep,118.5
149,drawn,121.5
150,smack,108.0
151,email,145.5
152,fecal,136.5
153,havoc,117.0
154,avoid,121.5
155,billy,97.5
156,nutty,108.3
157,hence,112.5
158,cabal,107.7
159,felon,136.5
160,snuck,108.0
161,karma,100.2
162,golem,129.0
163,rerun,128.4
164,frock,109.5
165,slurp,132.0
166,dandy,104.1
167,femur,120.0
168,trice,154.5
169,piece,112.5
170,watch,117.0
171,tally,124.5
172,scout,138.0
173,leggy,106.5
174,haunt,136.5
175,quick,85.5
176,nasty,141.0
177,crude,136.5
178,grimy,112.5
179,genre,120.0
180,bicep,117.0
181,voice,127.5
182,chaff,90.6
183,dried,122.1
184,river,113.4
185,oaken,141.0
186,lunar,150.0
187,etude,118.5
188,gonad,127.5
189,homer,138.0
190,unity,130.5
191,broth,130.5
192,sweat,139.5
193,clank,123.0
194,crone,153.0
195,build,112.5
196,navel,135.0
197,cloth,136.5
198,peril,147.0
199,rebut,139.5
200,inlet,153.0
201,ember,105.0
202,algae,125.7
203,medal,135.0
204,hunch,95.4
205,union,116.1
206,meant,144.0
207,dross,117.9
208,delta,153.0
209,tibia,113.7
210,dealt,153.0
211,alter,169.5
212,emcee,88.5
213,witch,109.5
214,rowdy,114.0
215,sepia,145.5
216,human,118.5
217,awake,97.2
218,climb,106.5
219,valor,139.5
220,booze,92.1
221,merit,145.5
222,route,160.5
223,sonic,136.5
224,budge,106.5
225,epoxy,112.5
226,smote,142.5
227,truce,150.0
228,flint,126.0
229,snowy,114.0
230,ruddy,101.1
231,bosom,92.1
232,molar,147.0
233,savor,136.5
234,spend,124.5
235,chime,121.5
236,point,135.0
237,wacky,96.0
238,extol,136.5
239,chest,138.0
240,older,153.0
241,viola,133.5
242,voila,133.5
243,wince,121.5
244,rayon,150.0
245,cache,120.0
246,round,135.0
247,junta,117.0
248,beret,123.0
249,abbey,108.9
250,avail,107.7
251,grope,136.5
252,loopy,107.1
253,shift,117.0
254,aloud,141.0
255,begin,118.5
256,smelt,139.5
257,assay,96.60000000000001
258,titan,127.8
259,scour,141.0
260,ennui,120.6
261,moral,147.0
262,widen,117.0
263,bloom,95.1
264,shuck,102.0
265,crowd,115.5
266,nudge,120.0
267,ahead,118.2
268,solid,136.5
269,iliac,122.7
270,stuck,114.0
271,adopt,135.0
272,brain,136.5
273,slack,124.5
274,mince,127.5
275,chief,118.5
276,glyph,102.0
277,alien,157.5
278,crumb,106.5
279,forty,130.5
280,which,81.9
281,taker,148.5
282,patch,126.0
283,fritz,108.0
284,abase,119.7
285,about,136.5
286,badly,117.0
287,thick,111.0
288,recur,125.4
289,scope,136.5
290,ratty,129.3
291,nasal,125.7
292,erupt,144.0
293,spore,148.5
294,unfed,115.5
295,booth,102.6
296,dying,108.0
297,teddy,111.6
298,bayou,126.0
299,field,124.5
300,slept,142.5
301,heady,132.0
302,limit,109.2
303,clack,102.0
304,aglow,121.5
305,mango,123.0
306,skimp,94.5
307,board,133.5
308,defer,108.0
309,posit,136.5
310,tamer,153.0
311,front,135.0
312,nanny,92.69999999999999
313,three,130.5
314,cheap,132.0
315,chore,147.0
316,stain,148.5
317,north,144.0
318,torso,132.6
319,charm,126.0
320,ledge,108.0
321,abort,147.0
322,spelt,142.5
323,shade,138.0
324,tumor,136.5
325,cough,114.0
326,mouse,135.0
327,spunk,102.0
328,silky,115.5
329,eking,115.5
330,stuff,95.1
331,savvy,91.2
332,shaft,124.5
333,spool,113.1
334,trout,129.3
335,waste,139.5
336,civic,67.2
337,blend,123.0
338,stern,156.0
339,helix,120.0
340,pulpy,94.8
341,nerve,111.0
342,adore,159.0
343,novel,132.0
344,spite,141.0
345,swami,112.5
346,prowl,121.5
347,scald,133.5
348,deign,124.5
349,plait,142.5
350,pupil,102.3
351,track,133.5
352,dress,122.4
353,farce,141.0
354,quilt,115.5
355,anode,150.0
356,woman,115.5
357,vault,127.5
358,organ,144.0
359,ferry,110.4
360,rajah,97.2
361,serve,112.5
362,sniff,93.6
363,stack,126.0
364,relax,142.5
365,trend,147.0
366,topaz,120.0
367,stalk,133.5
368,metal,148.5
369,quill,90.0
370,spicy,115.5
371,along,139.5
372,ester,138.0
373,steak,141.0
374,alibi,112.2
375,hasty,135.0
376,equip,108.0
377,waltz,108.0
378,elfin,132.0
379,quake,108.0
380,saner,160.5
381,enter,136.5
382,carry,120.9
383,haste,151.5
384,topic,132.0
385,shalt,144.0
386,vegan,120.0
387,prime,130.5
388,offer,117.6
389,fully,91.5
390,beset,115.5
391,clamp,118.5
392,merry,113.4
393,skate,141.0
394,spoil,135.0
395,basic,126.0
396,caput,130.5
397,knife,111.0
398,elite,135.0
399,surge,138.0
400,agape,112.2
401,bread,138.0
402,slosh,114.9
403,magic,115.5
404,allay,100.2
405,apart,125.7
406,borax,120.0
407,radar,102.60000000000001
408,soapy,133.5
409,gouge,112.5
410,small,112.5
411,clump,106.5
412,dwarf,106.5
413,amiss,110.4
414,chirp,121.5
415,glean,144.0
416,fugue,91.8
417,penny,105.6
418,later,169.5
419,shank,117.0
420,butch,109.5
421,bloat,142.5
422,pubic,103.5
423,evade,105.0
424,robot,117.6
425,beget,103.5
426,beefy,88.5
427,angel,144.0
428,troop,122.1
429,decor,145.5
430,lingo,132.0
431,lymph,100.5
432,chord,127.5
433,smith,120.0
434,array,105.60000000000001
435,rigor,117.9
436,curve,124.5
437,bleat,147.0
438,stead,150.0
439,virus,120.0
440,abode,136.5
441,glory,133.5
442,gland,124.5
443,hitch,105.9
444,shack,114.0
445,sonar,156.0
446,girth,129.0
447,asset,137.4
448,corer,134.4
449,chase,142.5
450,woven,109.5
451,goner,145.5
452,tacky,120.0
453,juicy,96.0
454,guilt,129.0
455,fresh,129.0
456,octet,130.8
457,cinch,100.5
458,snoop,108.6
459,weigh,108.0
460,feast,142.5
461,spire,144.0
462,steal,162.0
463,bless,111.9
464,aging,108.0
465,thing,120.0
466,icing,97.2
467,agile,147.0
468,since,141.0
469,antic,144.0
470,dairy,138.0
471,fleet,117.0
472,shelf,124.5
473,store,163.5
474,shied,130.5
475,dryer,117.9
476,clerk,133.5
477,kinky,85.8
478,lefty,130.5
479,rogue,144.0
480,dicey,127.5
481,ninth,110.1
482,tilde,145.5
483,bobby,70.8
484,cumin,114.0
485,knead,126.0
486,fever,96.0
487,force,138.0
488,bonus,121.5
489,rebel,121.5
490,lodge,133.5
491,froth,129.0
492,flown,106.5
493,daunt,135.0
494,copse,136.5
495,stint,118.8
496,bison,126.0
497,sweep,96.0
498,video,123.0
499,gecko,117.0
500,swoop,90.6
501,affix,81.6
502,quiet,123.0
503,snort,151.5
504,anvil,126.0
505,cider,141.0
506,began,126.0
507,broad,133.5
508,roost,132.6
509,usual,121.8
510,madly,118.5
511,salty,145.5
512,bacon,129.0
513,curse,145.5
514,fairy,130.5
515,swing,103.5
516,enact,153.0
517,tense,129.0
518,worry,102.9
519,abate,124.2
520,sever,112.5
521,index,114.0
522,skirt,130.5
523,green,120.0
524,credo,145.5
525,alpha,109.2
526,epoch,129.0
527,sower,139.5
528,chess,111.9
529,liner,156.0
530,loser,162.0
531,aback,86.7
532,sport,142.5
533,slump,111.0
534,cello,129.0
535,yacht,130.5
536,ovoid,92.1
537,whose,124.5
538,willy,93.0
539,still,123.0
540,tabby,102.9
541,dutch,115.5
542,clone,148.5
543,fetus,130.5
544,leper,126.0
545,fifty,93.6
546,modem,104.7
547,troll,135.0
548,relic,153.0
549,agora,125.7
550,berry,111.9
551,spank,114.0
552,heath,128.4
553,femme,71.7
554,given,112.5
555,humor,124.5
556,jazzy,60.6
557,sweet,111.0
558,creak,139.5
559,gleam,132.0
560,diver,124.5
561,freer,96.9
562,shirk,118.5
563,quote,127.5
564,chaos,138.0
565,pride,135.0
566,stair,157.5
567,cabin,124.5
568,macho,124.5
569,rugby,106.5
570,raspy,135.0
571,truth,115.8
572,regal,153.0
573,tepid,132.0
574,riper,123.9
575,droit,145.5
576,botch,118.5
577,burly,121.5
578,spied,127.5
579,glove,121.5
580,cedar,148.5
581,eying,127.5
582,swirl,127.5
583,stage,147.0
584,tempo,132.0
585,bloke,121.5
586,adult,139.5
587,eight,132.0
588,flume,115.5
589,tunic,132.0
590,rhino,141.0
591,glint,130.5
592,paler,154.5
593,snack,120.0
594,smell,114.0
595,amber,133.5
596,ether,130.5
597,spoon,108.6
598,drove,129.0
599,trace,162.0
600,dozen,117.0
601,photo,107.1
602,these,123.0
603,crump,111.0
604,reuse,130.5
605,motif,117.0
606,smoke,120.0
607,money,130.5
608,broom,99.6
609,boast,139.5
610,lasso,131.4
611,cyber,127.5
612,plank,117.0
613,amply,117.0
614,whack,94.5
615,venue,100.5
616,spoof,93.6
617,tidal,144.0
618,sunny,102.6
619,stark,138.0
620,baker,129.0
621,gripe,132.0
622,scare,157.5
623,blunt,123.0
624,dummy,79.2
625,lower,142.5
626,stein,150.0
627,guess,108.9
628,vague,118.5
629,sixty,112.5
630,flush,111.0
631,swift,105.0
632,staff,107.1
633,eject,99.0
634,sorry,122.4
635,hobby,87.9
636,lobby,98.4
637,furry,96.9
638,spout,132.0
639,latch,139.5
640,pesky,111.0
641,bleak,124.5
642,salvo,132.0
643,vivid,59.400000000000006
644,offal,111.6
645,cream,144.0
646,rouge,144.0
647,mogul,115.5
648,cover,133.5
649,great,154.5
650,urban,132.0
651,crate,162.0
652,timid,97.2
653,girly,129.0
654,joint,118.5
655,bigot,120.0
656,plead,138.0
657,phony,115.5
658,stole,159.0
659,rainy,145.5
660,bride,130.5
661,daily,133.5
662,lathe,154.5
663,noble,138.0
664,bliss,102.9
665,grate,154.5
666,voter,142.5
667,stale,162.0
668,basin,129.0
669,gooey,113.1
670,canoe,154.5
671,comic,102.0
672,rumor,111.9
673,cheek,96.0
674,flyer,133.5
675,mummy,63.900000000000006
676,craze,133.5
677,polar,150.0
678,giant,136.5
679,smile,136.5
680,worst,133.5
681,tatty,101.1
682,hutch,101.4
683,paper,127.8
684,party,139.5
685,chair,141.0
686,brand,126.0
687,brave,126.0
688,axion,127.5
689,buddy,78.6
690,abuse,136.5
691,quart,127.5
692,theft,105.3
693,howdy,99.0
694,baton,138.0
695,choir,138.0
696,toxic,120.0
697,quota,126.0
698,smirk,112.5
699,fussy,87.9
700,awash,97.2
701,tweet,90.3
702,siren,153.0
703,proof,101.1
704,crush,127.5
705,speck,112.5
706,owner,138.0
707,stunk,117.0
708,storm,139.5
709,elate,142.5
710,slave,136.5
711,forth,129.0
712,cress,126.9
713,flask,112.5
714,ample,133.5
715,fudge,105.0
716,viral,135.0
717,lucky,106.5
718,revue,109.5
719,juror,98.4
720,ideal,150.0
721,carol,156.0
722,amaze,97.2
723,buggy,75.0
724,ombre,130.5
725,saint,148.5
726,apply,106.8
727,vapor,126.0
728,rural,131.4
729,fetal,145.5
730,paddy,95.1
731,grind,121.5
732,worth,126.0
733,abled,133.5
734,mammy,75.9
735,begun,114.0
736,crass,125.4
737,short,145.5
738,clash,135.0
739,apron,145.5
740,brief,123.0
741,hound,120.0
742,prawn,120.0
743,bugle,118.5
744,camel,139.5
745,chide,126.0
746,wager,130.5
747,straw,136.5
748,winch,103.5
749,prior,119.4
750,pinto,135.0
751,dilly,103.5
752,tutor,129.3
753,leash,150.0
754,decal,144.0
755,hilly,105.0
756,float,141.0
757,tryst,120.3
758,poser,148.5
759,theta,130.8
760,glide,129.0
761,story,147.0
762,stool,128.1
763,drunk,111.0
764,ought,123.0
765,livid,88.2
766,ozone,105.6
767,pansy,126.0
768,yeast,153.0
769,phone,132.0
770,miser,141.0
771,thyme,123.0
772,pecan,138.0
773,shame,133.5
774,crown,123.0
775,porch,126.0
776,cacti,123.0
777,actor,157.5
778,rebus,135.0
779,avian,103.2
780,grill,114.0
781,rehab,139.5
782,sleep,118.5
783,pearl,154.5
784,diner,144.0
785,weedy,91.5
786,adorn,147.0
787,louse,151.5
788,sloop,113.1
789,macaw,86.7
790,envoy,123.0
791,arena,140.7
792,syrup,123.0
793,impel,126.0
794,prism,120.0
795,truer,134.4
796,droop,108.6
797,usage,139.5
798,gavel,124.5
799,again,112.2
800,minor,135.0
801,taunt,123.3
802,swear,142.5
803,snuff,89.1
804,debug,106.5
805,urine,150.0
806,among,123.0
807,slice,145.5
808,smoky,103.5
809,frill,109.5
810,space,139.5
811,audit,138.0
812,cubic,91.5
813,world,123.0
814,pizza,84.6
815,stare,166.5
816,dizzy,71.1
817,ashen,145.5
818,vouch,105.0
819,mason,135.0
820,conch,105.0
821,swell,108.0
822,itchy,123.0
823,stump,112.5
824,lapel,126.0
825,harem,141.0
826,wrong,115.5
827,flunk,99.0
828,posse,119.4
829,kappa,72.0
830,wrote,144.0
831,local,127.5
832,graft,127.5
833,spoke,123.0
834,swamp,100.5
835,verse,112.5
836,orbit,139.5
837,pivot,115.5
838,salsa,105.60000000000001
839,wryly,97.2
840,skiff,77.1
841,niece,121.5
842,churn,126.0
843,stank,129.0
844,glaze,121.5
845,graph,121.5
846,onset,154.5
847,briny,121.5
848,false,141.0
849,treat,145.8
850,bribe,114.9
851,crazy,117.0
852,husky,100.5
853,milky,102.0
854,crony,136.5
855,melee,96.0
856,cleat,157.5
857,puppy,68.1
858,shook,95.1
859,deter,129.0
860,theme,109.5
861,coyly,110.7
862,macro,139.5
863,poise,142.5
864,comet,138.0
865,drawl,126.0
866,rarer,121.80000000000001
867,dolly,108.0
868,knock,91.8
869,awoke,123.0
870,disco,129.0
871,ditch,120.0
872,blare,150.0
873,creme,115.5
874,blast,136.5
875,width,105.0
876,lurid,135.0
877,abhor,135.0
878,demur,127.5
879,hello,126.0
880,sixth,111.0
881,loamy,133.5
882,micro,132.0
883,kebab,96.9
884,panel,145.5
885,elbow,120.0
886,forge,130.5
887,ardor,128.4
888,hater,159.0
889,spice,132.0
890,sigma,120.0
891,swore,139.5
892,locus,136.5
893,civil,92.7
894,fuzzy,59.1
895,brisk,111.0
896,spike,118.5
897,twine,130.5
898,mealy,138.0
899,folly,100.5
900,mushy,105.0
901,ralph,136.5
902,doing,120.0
903,friar,116.4
904,ounce,142.5
905,thank,121.5
906,moist,133.5
907,atoll,136.5
908,every,106.5
909,slash,117.9
910,scalp,132.0
911,smart,142.5
912,blind,114.0
913,murky,102.0
914,whoop,83.1
915,idiom,98.7
916,ripen,142.5
917,undid,99.6
918,purer,119.4
919,talon,156.0
920,tarot,141.3
921,china,132.0
922,flour,132.0
923,baler,150.0
924,prank,121.5
925,cobra,138.0
926,tubal,133.5
927,parka,103.2
928,truck,121.5
929,fleck,109.5
930,leant,160.5
931,night,120.0
932,goose,119.1
933,pudgy,94.5
934,reedy,118.5
935,cacao,103.2
936,rider,125.4
937,plaid,129.0
938,daisy,130.5
939,muddy,80.1
940,bingo,114.0
941,noise,151.5
942,resin,153.0
943,pasty,132.0
944,shoot,117.6
945,sight,121.5
946,khaki,94.8
947,chant,135.0
948,puree,120.0
949,floss,105.9
950,movie,118.5
951,safer,145.5
952,gnash,123.0
953,nosey,144.0
954,decoy,132.0
955,renew,112.5
956,horny,133.5
957,floor,114.6
958,scuba,121.5
959,broil,138.0
960,decay,135.0
961,sedan,144.0
962,hymen,117.0
963,court,145.5
964,gloom,98.1
965,globe,127.5
966,baste,144.0
967,amity,130.5
968,verve,86.7
969,dingo,120.0
970,dopey,126.0
971,suite,148.5
972,wooer,119.1
973,stink,121.5
974,proxy,109.5
975,plume,121.5
976,roomy,108.6
977,flare,148.5
978,preen,121.5
979,diary,138.0
980,curly,132.0
981,salon,151.5
982,rival,135.0
983,quoth,109.5
984,knave,114.0
985,youth,129.0
986,brake,129.0
987,fluid,111.0
988,genie,114.0
989,rearm,128.4
990,sassy,94.80000000000001
991,missy,95.4
992,usher,142.5
993,motto,90.89999999999999
994,duvet,117.0
995,fanny,98.1
996,leave,117.0
997,catch,114.0
998,march,126.0
999,stunt,114.3
1000,payer,145.5
1001,sheet,123.0
1002,suing,120.0
1003,gusto,130.5
1004,ovine,130.5
1005,odder,126.6
1006,patty,111.3
1007,carat,131.7
1008,reply,139.5
1009,scoop,105.6
1010,unset,145.5
1011,spade,135.0
1012,grand,129.0
1013,would,112.5
1014,revel,115.5
1015,thief,127.5
1016,onion,98.69999999999999
1017,tiara,137.7
1018,valid,118.5
1019,synod,124.5
1020,palsy,130.5
1021,label,121.5
1022,afoul,133.5
1023,piggy,84.0
1024,spiny,118.5
1025,teach,147.0
1026,toxin,123.0
1027,swoon,99.6
1028,wreak,124.5
1029,brush,117.0
1030,gaily,130.5
1031,dowdy,83.1
1032,heave,106.5
1033,laden,147.0
1034,spear,151.5
1035,shrug,120.0
1036,tying,121.5
1037,islet,154.5
1038,randy,135.0
1039,hatch,113.4
1040,tripe,148.5
1041,lousy,135.0
1042,slyly,88.2
1043,tasty,121.8
1044,wedge,85.5
1045,sworn,127.5
1046,latte,141.3
1047,filet,138.0
1048,tapir,147.0
1049,erode,130.5
1050,recap,147.0
1051,dunce,127.5
1052,annex,108.6
1053,caddy,101.1
1054,haute,148.5
1055,cable,138.0
1056,jerky,102.0
1057,reign,141.0
1058,under,139.5
1059,drool,122.1
1060,dully,99.0
1061,gummy,76.2
1062,sheep,108.0
1063,glade,136.5
1064,crave,136.5
1065,sooth,117.6
1066,gully,96.0
1067,sting,127.5
1068,chart,144.0
1069,godly,117.0
1070,stall,130.5
1071,finch,106.5
1072,truly,141.0
1073,cramp,123.0
1074,ranch,138.0
1075,mocha,124.5
1076,heist,144.0
1077,broke,126.0
1078,humph,77.4
1079,wrest,138.0
1080,opera,157.5
1081,grain,139.5
1082,thong,124.5
1083,shine,138.0
1084,rally,127.5
1085,trump,120.0
1086,blown,108.0
1087,crust,139.5
1088,welsh,121.5
1089,dowel,126.0
1090,greed,112.5
1091,anime,141.0
1092,piper,120.3
1093,blink,105.0
1094,taboo,119.1
1095,vigil,85.2
1096,rower,119.4
1097,hippy,88.8
1098,vying,96.0
1099,parer,131.4
1100,baggy,87.0
1101,conic,114.0
1102,joist,120.0
1103,azure,135.0
1104,ready,147.0
1105,plumb,96.0
1106,chill,106.5
1107,oxide,121.5
1108,fewer,97.5
1109,clasp,132.0
1110,plunk,105.0
1111,junto,114.0
1112,chick,84.0
1113,villa,106.5
1114,covet,130.5
1115,mulch,109.5
1116,beard,138.0
1117,dense,115.5
1118,scoff,95.1
1119,hunky,99.0
1120,aphid,118.5
1121,threw,130.5
1122,stung,123.0
1123,shoal,145.5
1124,dogma,115.5
1125,dusty,121.5
1126,belly,106.5
1127,water,147.0
1128,wheel,102.0
1129,amble,129.0
1130,eclat,157.5
1131,minus,118.5
1132,mover,124.5
1133,olive,135.0
1134,newer,112.5
1135,brood,104.1
1136,twice,127.5
1137,ulcer,148.5
1138,mount,127.5
1139,timer,145.5
1140,below,120.0
1141,shaky,112.5
1142,tramp,132.0
1143,vocal,127.5
1144,gamut,120.0
1145,harpy,127.5
1146,large,153.0
1147,whiff,68.1
1148,power,129.0
1149,skill,100.5
1150,ethos,148.5
1151,tuber,139.5
1152,print,136.5
1153,batch,121.5
1154,torus,150.0
1155,flank,111.0
1156,lever,115.5
1157,leach,145.5
1158,lunge,132.0
1159,think,114.0
1160,piety,135.0
1161,duchy,105.0
1162,ninja,95.1
1163,flout,129.0
1164,morph,117.0
1165,hyena,139.5
1166,fetid,126.0
1167,clown,118.5
1168,plier,147.0
1169,sword,120.0
1170,exist,129.0
1171,groom,102.6
1172,sober,144.0
1173,cleft,132.0
1174,arose,168.0
1175,goody,93.6
1176,anger,148.5
1177,derby,123.0
1178,buyer,129.0
1179,mouth,121.5
1180,pixie,92.7
1181,beast,144.0
1182,bully,93.0
1183,steel,133.5
1184,piney,129.0
1185,guava,88.2
1186,natal,130.2
1187,child,118.5
1188,issue,122.4
1189,twirl,132.0
1190,briar,117.9
1191,stick,118.5
1192,sieve,106.5
1193,grove,126.0
1194,choke,121.5
1195,tithe,123.3
1196,chalk,117.0
1197,clink,115.5
1198,flake,123.0
1199,drake,135.0
1200,brook,95.1
1201,worse,139.5
1202,slink,120.0
1203,midge,112.5
1204,undue,109.8
1205,trawl,139.5
1206,flail,111.0
1207,snarl,153.0
1208,shear,154.5
1209,pause,141.0
1210,eaten,138.0
1211,unzip,97.5
1212,heard,145.5
1213,slope,144.0
1214,scion,136.5
1215,grime,129.0
1216,cadet,145.5
1217,satyr,150.0
1218,scrub,120.0
1219,weird,126.0
1220,obese,117.0
1221,snide,136.5
1222,fable,126.0
1223,picky,97.5
1224,woken,112.5
1225,tipsy,124.5
1226,acute,151.5
1227,trope,153.0
1228,blimp,100.5
1229,chunk,100.5
1230,axiom,115.5
1231,riser,134.4
1232,ratio,163.5
1233,blade,133.5
1234,flash,123.0
1235,jumpy,75.0
1236,learn,163.5
1237,graze,126.0
1238,knelt,133.5
1239,gauze,115.5
1240,lumpy,105.0
1241,awful,108.0
1242,gumbo,97.5
1243,tulle,129.0
1244,meaty,139.5
1245,ridge,133.5
1246,fizzy,63.6
1247,smear,148.5
1248,leapt,151.5
1249,swish,87.9
1250,query,118.5
1251,primo,126.0
1252,coast,150.0
1253,reach,150.0
1254,polka,124.5
1255,favor,120.0
1256,punch,108.0
1257,pinky,100.5
1258,aisle,159.0
1259,bleep,103.5
1260,elegy,111.0
1261,retry,131.4
1262,widow,88.5
1263,plane,145.5
1264,druid,108.6
1265,donor,117.6
1266,denim,123.0
1267,groin,136.5
1268,magma,74.4
1269,stout,121.8
1270,drill,117.0
1271,icily,107.7
1272,wrack,109.5
1273,hinge,126.0
1274,wound,108.0
1275,manor,142.5
1276,puffy,74.1
1277,teeth,102.3
1278,binge,118.5
1279,carve,136.5
1280,depot,136.5
1281,modal,130.5
1282,color,126.6
1283,craft,135.0
1284,prune,138.0
1285,upper,115.8
1286,ethic,139.5
1287,folio,108.6
1288,angst,135.0
1289,giver,121.5
1290,spray,135.0
1291,trail,160.5
1292,wiser,135.0
1293,quasi,117.0
1294,foray,135.0
1295,badge,118.5
1296,cater,162.0
1297,cheat,147.0
1298,pushy,108.0
1299,essay,126.9
1300,cigar,136.5
1301,teary,160.5
1302,sauna,119.7
1303,spiel,139.5
1304,inept,139.5
1305,shard,135.0
1306,pouty,126.0
1307,snout,141.0
1308,alike,141.0
1309,drank,123.0
1310,scent,144.0
1311,queer,105.0
1312,geeky,90.0
1313,bunch,103.5
1314,adept,139.5
1315,bawdy,94.5
1316,plate,151.5
1317,shawl,120.0
1318,wimpy,87.0
1319,doubt,118.5
1320,peach,132.0
1321,occur,118.5
1322,mucus,91.8
1323,clock,99.0
1324,gipsy,108.0
1325,hussy,96.9
1326,drown,118.5
1327,stiff,99.6
1328,lying,120.0
1329,bible,110.4
1330,cavil,123.0
1331,tweed,102.0
1332,third,132.0
1333,thorn,144.0
1334,sling,126.0
1335,sadly,132.0
1336,quark,105.0
1337,debar,138.0
1338,guise,132.0
1339,chafe,126.0
1340,trove,142.5
1341,neigh,126.0
1342,downy,105.0
1343,honey,136.5
1344,score,154.5
1345,dingy,108.0
1346,slate,162.0
1347,joust,115.5
1348,spare,151.5
1349,fjord,96.0
1350,chump,96.0
1351,plant,139.5
1352,sound,127.5
1353,yield,135.0
1354,lumen,130.5
1355,snaky,118.5
1356,trunk,124.5
1357,vodka,102.0
1358,quell,99.0
1359,bitty,99.3
1360,vicar,127.5
1361,aloof,116.1
1362,jelly,94.5
1363,cutie,144.0
1364,comma,107.7
1365,eerie,115.5
1366,bushy,103.5
1367,sneak,135.0
1368,boule,136.5
1369,brace,142.5
1370,fixer,115.5
1371,llama,92.7
1372,wordy,114.0
1373,crept,142.5
1374,ninny,85.2
1375,rapid,133.5
1376,berth,135.0
1377,catty,117.3
1378,corny,136.5
1379,spawn,112.5
1380,tangy,129.0
1381,waxen,111.0
1382,stony,138.0
1383,waist,130.5
1384,tulip,130.5
1385,ivory,123.0
1386,grave,129.0
1387,slang,133.5
1388,mower,126.0
1389,verso,138.0
1390,scrap,136.5
1391,leafy,135.0
1392,layer,159.0
1393,media,133.5
1394,aware,122.7
1395,proud,126.0
1396,stamp,124.5
1397,testy,123.3
1398,recut,150.0
1399,fault,132.0
1400,often,138.0
1401,hotly,135.0
1402,bench,117.0
1403,today,139.5
1404,crier,129.9
1405,stash,119.4
1406,crypt,126.0
1407,gamer,136.5
1408,siege,115.5
1409,harry,117.9
1410,laugh,124.5
1411,toast,133.8
1412,humus,88.8
1413,fling,109.5
1414,ocean,154.5
1415,rifle,141.0
1416,tacit,124.8
1417,serif,138.0
1418,using,120.0
1419,perch,130.5
1420,scene,120.0
1421,gruel,141.0
1422,sauce,147.0
1423,drive,124.5
1424,payee,118.5
1425,quest,121.5
1426,alone,162.0
1427,dryly,107.7
1428,stork,135.0
1429,edict,138.0
1430,coral,156.0
1431,biddy,83.1
1432,vomit,112.5
1433,barge,135.0
1434,minim,75.9
1435,baron,141.0
1436,quail,120.0
1437,while,123.0
1438,penne,92.1
1439,risen,153.0
1440,owing,109.5
1441,lager,153.0
1442,sperm,129.0
1443,rebar,126.9
1444,knack,94.8
1445,pixel,117.0
1446,groan,144.0
1447,filly,96.0
1448,crick,99.0
1449,buxom,87.0
1450,chose,139.5
1451,wheat,132.0
1452,cynic,102.0
1453,maple,133.5
1454,being,118.5
1455,wrist,129.0
1456,brass,114.9
1457,shrub,117.0
1458,squad,106.5
1459,lapse,147.0
1460,image,130.5
1461,butte,111.3
1462,breed,109.5
1463,probe,133.5
1464,booby,75.0
1465,evict,126.0
1466,flier,141.0
1467,vista,129.0
1468,boney,129.0
1469,heart,159.0
1470,penal,145.5
1471,scary,141.0
1472,irony,142.5
1473,sharp,133.5
1474,count,136.5
1475,psalm,123.0
1476,cocoa,102.6
1477,setup,136.5
1478,happy,96.3
1479,cloud,127.5
1480,whole,127.5
1481,spook,92.1
1482,maker,130.5
1483,ankle,138.0
1484,snail,147.0
1485,outer,160.5
1486,unfit,120.0
1487,gruff,86.1
1488,stood,116.1
1489,ladle,127.5
1490,tiger,147.0
1491,afoot,117.6
1492,decry,133.5
1493,thrum,123.0
1494,fluff,68.69999999999999
1495,zonal,127.5
1496,hoist,139.5
1497,frisk,109.5
1498,amuse,138.0
1499,brash,129.0
1500,liver,136.5
1501,bland,121.5
1502,bilge,123.0
1503,razor,113.4
1504,edify,115.5
1505,fibre,123.0
1506,venom,115.5
1507,clang,129.0
1508,bevel,93.0
1509,above,124.5
1510,pique,108.0
1511,valve,110.7
1512,refit,142.5
1513,champ,108.0
1514,chasm,118.5
1515,midst,118.5
1516,super,139.5
1517,colon,117.6
1518,musky,94.5
1519,acrid,139.5
1520,igloo,113.1
1521,unmet,132.0
1522,draft,130.5
1523,young,118.5
1524,cargo,141.0
1525,crash,139.5
1526,caulk,121.5
1527,scamp,115.5
1528,covey,120.0
1529,slick,117.0
1530,grasp,129.0
1531,guide,123.0
1532,snore,157.5
1533,scale,153.0
1534,dodge,107.1
1535,twixt,78.3
1536,frank,115.5
1537,radii,122.7
1538,rivet,138.0
1539,whisk,91.5
1540,relay,159.0
1541,croup,130.5
1542,papal,93.0
1543,apple,123.3
1544,plied,130.5
1545,trick,126.0
1546,savoy,123.0
1547,canon,122.1
1548,crack,106.5
1549,renal,163.5
1550,elect,129.0
1551,pooch,98.1
1552,liken,130.5
1553,sumac,123.0
1554,masse,119.4
1555,rough,126.0
1556,filer,141.0
1557,vinyl,111.0
1558,brunt,127.5
1559,pesto,145.5
1560,bound,112.5
1561,clout,141.0
1562,burnt,127.5
1563,cling,121.5
1564,bleed,105.0
1565,grass,117.9
1566,state,138.3
1567,petal,151.5
1568,gulch,111.0
1569,slime,136.5
1570,fiber,123.0
1571,linen,126.6
1572,chock,88.5
1573,goofy,86.1
1574,datum,123.0
1575,tonal,156.0
1576,torch,141.0
1577,petty,112.8
1578,alive,138.0
1579,check,93.0
1580,debut,123.0
1581,clung,117.0
1582,detox,124.5
1583,honor,119.1
1584,allow,112.5
1585,endow,121.5
1586,steer,138.0
1587,belle,93.0
1588,maize,118.5
1589,wooly,98.1
1590,lusty,133.5
1591,roast,162.0
1592,pence,109.5
1593,gawky,88.5
1594,mural,138.0
1595,rhyme,126.0
1596,elope,124.5
1597,lease,138.0
1598,blush,112.5
1599,twist,100.8
1600,melon,139.5
1601,prove,127.5
1602,lover,141.0
1603,sappy,103.8
1604,ghoul,121.5
1605,crook,105.6
1606,sugar,136.5
1607,acorn,151.5
1608,sandy,127.5
1609,tenor,162.0
1610,drink,115.5
1611,viper,123.0
1612,raise,163.5
1613,shall,118.5
1614,block,106.5
1615,expel,96.0
1616,notch,132.0
1617,steam,145.5
1618,purse,139.5
1619,balmy,112.5
1620,coupe,133.5
1621,gross,114.9
1622,stake,141.0
1623,moose,117.6
1624,blood,99.6
1625,plump,87.3
1626,prize,120.0
1627,legal,124.5
1628,wring,111.0
1629,flaky,106.5
1630,await,110.7
1631,snake,135.0
1632,other,156.0
1633,aider,154.5
1634,cameo,142.5
1635,olden,144.0
1636,mania,110.7
1637,leech,117.0
1638,sewer,114.0
1639,bring,115.5
1640,faint,132.0
1641,pitch,118.5
1642,rupee,120.0
1643,rover,117.9
1644,ebony,129.0
1645,sheer,126.0
1646,greet,126.0
1647,prone,147.0
1648,guile,135.0
1649,foggy,82.5
1650,handy,120.0
1651,beach,127.5
1652,flair,139.5
1653,umbra,120.0
1654,angle,144.0
1655,kayak,75.0
1656,mambo,97.2
1657,kneed,97.5
1658,halve,129.0
1659,throw,126.0
1660,caste,154.5
1661,alloy,126.0
1662,rotor,112.5
1663,eater,147.0
1664,eager,130.5
1665,singe,133.5
1666,foamy,114.0
1667,visor,129.0
1668,drape,142.5
1669,growl,120.0
1670,mamma,62.10000000000001
1671,blame,129.0
1672,exact,132.0
1673,hefty,120.0
1674,tried,150.0
1675,slung,121.5
1676,skier,136.5
1677,fiend,120.0
1678,gusty,118.5
1679,grout,138.0
1680,scorn,142.5
1681,first,132.0
1682,gauge,115.5
1683,swept,120.0
1684,maybe,120.0
1685,beady,124.5
1686,bough,103.5
1687,frail,139.5
1688,thump,105.0
1689,mercy,129.0
1690,dream,139.5
1691,brawl,120.0
1692,slush,105.9
1693,spurn,127.5
1694,sinew,126.0
1695,parse,151.5
1696,nomad,126.0
1697,scold,130.5
1698,fried,129.0
1699,nymph,96.0
1700,marry,111.9
1701,sheen,117.0
1702,ovate,144.0
1703,kneel,109.5
1704,blond,118.5
1705,musty,117.0
1706,built,126.0
1707,tower,144.0
1708,utter,133.8
1709,scone,145.5
1710,south,135.0
1711,wreck,111.0
1712,crock,103.5
1713,rumba,120.0
1714,drama,109.2
1715,croak,135.0
1716,spell,117.0
1717,guild,115.5
1718,gaudy,114.0
1719,foist,130.5
1720,canny,110.1
1721,debit,127.5
1722,trade,157.5
1723,there,130.5
1724,jumbo,82.5
1725,royal,154.5
1726,right,129.0
1727,stove,135.0
1728,merge,108.0
1729,lyric,136.5
1730,digit,98.7
1731,spine,135.0
1732,coach,115.5
1733,least,162.0
1734,rusty,138.0
1735,pagan,100.2
1736,lurch,130.5
1737,tepee,100.5
1738,matey,139.5
1739,trite,138.3
1740,dirge,133.5
1741,roger,126.9
1742,bused,118.5
1743,fifth,92.1
1744,exult,127.5
1745,weave,94.5
1746,fauna,103.2
1747,level,87.0
1748,smock,105.0
1749,alarm,121.2
1750,coven,124.5
1751,empty,120.0
1752,jewel,82.5
1753,tawny,121.5
1754,kiosk,99.3
1755,burst,129.0
1756,break,129.0
1757,seize,103.5
1758,humid,103.5
1759,creed,120.0
1760,sushi,104.4
1761,gazer,126.0
1762,cloak,130.5
1763,canal,121.2
1764,flesh,124.5
1765,pried,135.0
1766,tenet,108.3
1767,risky,120.0
1768,arrow,117.9
1769,mangy,111.0
1770,purge,127.5
1771,couch,103.5
1772,stoke,138.0
1773,women,117.0
1774,waver,121.5
1775,drier,125.4
1776,cause,147.0
1777,wrath,129.0
1778,focal,132.0
1779,polyp,103.8
1780,nobly,121.5
1781,arise,163.5
1782,vowel,114.0
1783,train,156.0
1784,inlay,141.0
1785,manic,126.0
1786,stave,138.0
1787,mafia,95.7
1788,mourn,130.5
1789,claim,130.5
1790,shrew,126.0
1791,style,147.0
1792,elder,127.5
1793,bunny,87.6
1794,clear,160.5
1795,annoy,120.6
1796,drift,123.0
1797,fella,120.0
1798,idiot,116.7
1799,libel,114.0
1800,evoke,93.0
1801,cabby,93.9
1802,hoard,141.0
1803,satin,148.5
1804,event,108.0
1805,snipe,135.0
1806,shake,129.0
1807,erase,142.5
1808,amass,89.10000000000001
1809,gaunt,132.0
1810,serum,136.5
1811,house,141.0
1812,taffy,101.1
1813,intro,153.0
1814,chuck,79.5
1815,wield,121.5
1816,imbue,115.5
1817,unite,147.0
1818,ascot,150.0
1819,irate,168.0
1820,taper,156.0
1821,brute,139.5
1822,annul,120.6
1823,mirth,127.5
1824,brown,112.5
1825,lemur,139.5
1826,ovary,130.5
1827,belch,121.5
1828,lucid,123.0
1829,patio,145.5
1830,pithy,117.0
1831,forgo,99.6
1832,pluck,102.0
1833,raven,139.5
1834,cross,122.4
1835,valet,141.0
1836,fraud,123.0
1837,click,94.5
1838,place,142.5
1839,haven,124.5
1840,lithe,147.0
1841,skunk,87.3
1842,slain,147.0
1843,borne,142.5
1844,mecca,114.0
1845,plaza,92.7
1846,foyer,136.5
1847,hardy,129.0
1848,basil,133.5
1849,tough,123.0
1850,miner,139.5
1851,shirt,141.0
1852,could,127.5
1853,skull,96.0
1854,moody,92.1
1855,shell,120.0
1856,grunt,130.5
1857,inane,132.6
1858,scree,129.0
1859,swarm,118.5
1860,spill,108.0
1861,trash,148.5
1862,allot,136.5
1863,frown,111.0
1864,aping,121.5
1865,chain,132.0
1866,bluff,78.6
1867,flick,100.5
1868,fatal,115.2
1869,splat,141.0
1870,solve,133.5
1871,those,148.5
1872,adage,113.7
1873,dirty,133.5
1874,jaunt,117.0
1875,tango,141.0
1876,crime,136.5
1877,going,105.0
1878,album,115.5
1879,shown,112.5
1880,bluer,138.0
1881,mossy,99.9
1882,shout,135.0
1883,stomp,121.5
1884,gayer,144.0
1885,gnome,124.5
1886,hovel,126.0
1887,daddy,82.2
1888,munch,105.0
1889,quack,93.0
1890,squib,93.0
1891,strap,145.5
1892,moldy,115.5
1893,staid,141.0
1894,slide,141.0
1895,pound,117.0
1896,ruder,120.9
1897,cycle,115.5
1898,caper,147.0
1899,prick,111.0
1900,tribe,144.0
1901,parry,114.9
1902,saucy,130.5
1903,facet,138.0
1904,black,109.5
1905,sooty,119.1
1906,finer,136.5
1907,uncle,139.5
1908,argue,147.0
1909,privy,106.5
1910,joker,114.0
1911,stray,150.0
1912,stoop,114.6
1913,mayor,138.0
1914,overt,142.5
1915,taste,138.3
1916,dodgy,90.6
1917,order,129.9
1918,enemy,105.0
1919,spurt,133.5
1920,cagey,132.0
1921,dally,111.0
1922,imply,109.5
1923,wight,102.0
1924,fiery,132.0
1925,medic,120.0
1926,batty,106.8
1927,phase,136.5
1928,guest,135.0
1929,exile,108.0
1930,habit,127.5
1931,forum,115.5
1932,truss,122.4
1933,steed,121.5
1934,repel,126.0
1935,feral,148.5
1936,gravy,112.5
1937,grown,115.5
1938,cluck,90.0
1939,tardy,141.0
1940,shove,123.0
1941,chard,130.5
1942,grief,126.0
1943,birth,126.0
1944,towel,139.5
1945,flung,105.0
1946,shave,126.0
1947,tract,130.8
1948,exert,115.5
1949,holly,109.5
1950,clove,129.0
1951,augur,114.3
1952,repay,145.5
1953,deuce,109.5
1954,maxim,85.2
1955,lynch,118.5
1956,range,148.5
1957,depth,123.0
1958,dread,129.6
1959,drone,148.5
1960,mimic,72.9
1961,atone,163.5
1962,table,147.0
1963,thumb,100.5
1964,udder,117.6
1965,larva,113.7
1966,flood,98.1
1967,stoic,142.5
1968,abyss,101.4
1969,bongo,92.1
1970,beech,99.0
1971,reset,138.0
1972,unlit,139.5
1973,month,123.0
1974,madam,77.4
1975,apnea,122.7
1976,grade,141.0
1977,agate,127.2
1978,juice,112.5
1979,chili,106.2
1980,mange,127.5
1981,infer,136.5
1982,shock,111.0
1983,outdo,113.1
1984,sloth,141.0
1985,speed,106.5
1986,hedge,97.5
1987,shark,126.0
1988,shape,136.5
1989,peace,120.0
1990,vapid,105.0
1991,plain,136.5
1992,swill,99.0
1993,bossy,98.4
1994,patsy,132.0
1995,trust,123.3
1996,value,133.5
1997,afire,147.0
1998,noisy,135.0
1999,spark,123.0
2000,group,123.0
2001,faith,126.0
2002,racer,137.4
2003,slunk,115.5
2004,loyal,126.0
2005,jolly,90.0
2006,attic,124.8
2007,strut,123.3
2008,welch,117.0
2009,input,126.0
2010,shady,121.5
2011,crawl,130.5
2012,prong,124.5
2013,harsh,120.9
2014,nylon,114.6
2015,pinch,112.5
2016,thigh,98.4
2017,marsh,130.5
2018,hippo,100.8
2019,glass,113.4
2020,witty,94.8
2021,gamma,74.4
2022,verge,100.5
2023,squat,120.0
2024,freak,127.5
2025,curio,142.5
2026,cruel,148.5
2027,cried,141.0
2028,turbo,135.0
2029,yearn,154.5
2030,focus,117.0
2031,brawn,115.5
2032,found,111.0
2033,quirk,97.5
2034,lowly,97.5
2035,noose,129.6
2036,hairy,139.5
2037,saute,156.0
2038,sulky,111.0
2039,basal,112.2
2040,funky,90.0
2041,skulk,91.8
2042,lunch,121.5
2043,minty,120.0
2044,zebra,123.0
2045,dough,109.5
2046,befit,120.0
2047,opium,115.5
2048,shone,142.5
2049,abbot,114.9
2050,agree,130.5
2051,react,162.0
2052,speak,126.0
2053,vixen,102.0
2054,waive,115.5
2055,silly,112.5
2056,elude,117.0
2057,where,106.5
2058,forte,147.0
2059,retch,145.5
2060,gayly,106.2
2061,snare,160.5
2062,start,135.3
2063,meter,124.5
2064,leery,130.5
2065,arson,156.0
2066,showy,108.0
2067,enjoy,117.0
2068,hyper,129.0
2069,crisp,129.0
2070,grace,145.5
2071,hydro,126.0
2072,tweak,121.5
2073,extra,144.0
2074,ditty,105.3
2075,boozy,75.6
2076,drain,142.5
2077,shale,150.0
2078,rabbi,113.4
2079,ficus,112.5
2080,gloat,145.5
2081,swine,126.0
2082,stone,154.5
2083,press,120.9
2084,early,159.0
2085,spasm,98.4
2086,smash,101.4
2087,comfy,100.5
2088,visit,98.7
2089,paste,148.5
2090,shiny,121.5
2091,blitz,105.0
2092,sprig,121.5
2093,surly,136.5
2094,stand,138.0
2095,strip,138.0
2096,aunty,138.0
2097,tenth,120.3
2098,vital,132.0
2099,close,150.0
2100,dimly,111.0
2101,whiny,102.0
2102,outgo,110.1
2103,belie,115.5
2104,betel,118.5
2105,hurry,105.9
2106,screw,129.0
2107,jiffy,62.1
2108,sully,108.0
2109,manly,126.0
2110,bravo,121.5
2111,myrrh,95.4
2112,vogue,115.5
2113,gourd,124.5
2114,match,123.0
2115,elide,121.5
2116,moult,132.0
2117,circa,126.0
2118,inter,157.5
2119,ramen,147.0
2120,lupus,102.3
2121,whale,130.5
2122,title,133.8
2123,shore,151.5
2124,excel,102.0
2125,their,151.5
2126,scarf,130.5
2127,shire,147.0
2128,gassy,104.4
2129,twang,115.5
2130,tonga,141.0
2131,delve,99.0
2132,wrung,106.5
2133,furor,108.9
2134,omega,135.0
2135,pygmy,70.2
2136,rodeo,129.6
2137,music,115.5
2138,pilot,139.5
2139,guppy,79.8
2140,hazel,126.0
2141,braid,129.0
2142,unify,109.5
2143,frond,121.5
2144,until,139.5
2145,geese,94.5
2146,price,139.5
2147,queen,96.0
2148,ultra,156.0
2149,amend,130.5
2150,mauve,117.0
2151,soggy,99.0
2152,taint,127.8
2153,bathe,136.5
2154,swung,99.0
2155,motor,119.1
2156,brink,109.5
2157,devil,120.0
2158,login,132.0
2159,pupal,109.8
2160,swash,95.4
2161,labor,145.5
2162,liege,118.5
2163,golly,105.0
2164,white,124.5
2165,sleek,111.0
2166,uncut,108.3
2167,stilt,123.3
2168,banal,110.7
2169,perky,118.5
2170,study,121.5
2171,feign,117.0
2172,crepe,118.5
2173,light,124.5
2174,whirl,120.0
2175,fight,105.0
2176,boxer,121.5
2177,deity,136.5
2178,banjo,106.5
2179,adapt,109.2
2180,sleet,133.5
2181,lorry,125.4
2182,newly,121.5
2183,rabid,129.0
2184,scram,133.5
2185,model,132.0
2186,erect,133.5
2187,shush,79.80000000000001
2188,octal,153.0
2189,chute,135.0
2190,knoll,103.5
2191,bulky,96.0
2192,upset,136.5
2193,lanky,121.5
2194,flora,144.0
2195,biome,124.5
2196,slant,150.0
2197,opine,141.0
2198,spilt,133.5
2199,hover,130.5
2200,metro,150.0
2201,ingot,133.5
2202,class,120.9
2203,inert,157.5
2204,realm,151.5
2205,idler,148.5
2206,blurb,102.9
2207,lemon,139.5
2208,gaffe,101.1
2209,easel,138.0
2210,flute,133.5
2211,flirt,135.0
2212,donut,132.0
2213,boost,110.1
2214,rocky,120.0
2215,begat,132.0
2216,froze,118.5
2217,niche,133.5
2218,ditto,117.3
2219,inner,131.1
2220,grape,139.5
2221,crane,156.0
2222,egret,126.0
2223,lance,151.5
2224,enema,120.0
2225,shyly,101.7
2226,quite,123.0
2227,whine,118.5
2228,rinse,153.0
2229,frame,132.0
2230,scant,142.5
2231,admit,127.5
2232,cheer,121.5
2233,slimy,120.0
2234,armor,123.9
2235,queue,75.3
2236,rouse,156.0
2237,needy,109.5
2238,ensue,121.5
2239,triad,148.5
2240,bowel,120.0
2241,earth,159.0
2242,angry,132.0
2243,clued,132.0
2244,flack,108.0
2245,grail,144.0
2246,scowl,120.0
2247,trait,136.8
2248,prude,130.5
2249,abide,132.0
2250,krill,108.0
2251,agony,130.5
2252,ghost,126.0
2253,radio,150.0
2254,crest,153.0
2255,incur,135.0
2256,bulge,118.5
2257,flame,127.5
2258,dwell,99.0
2259,poesy,135.0
2260,askew,117.0
2261,kitty,96.3
2262,align,135.0
2263,admin,121.5
2264,nurse,148.5
2265,birch,117.0
2266,creek,111.0
2267,pouch,115.5
2268,guard,127.5
2269,cease,130.5
2270,inbox,103.5
2271,rigid,101.7
2272,frost,136.5
2273,giddy,86.1
2274,cairn,147.0
2275,utile,151.5
2276,surer,129.9
2277,smite,138.0
2278,seven,103.5
2279,diode,120.6
2280,bylaw,106.5
2281,horde,142.5
2282,grant,142.5
2283,adobe,136.5
2284,curvy,108.0
2285,prose,148.5
2286,shunt,127.5
2287,award,103.2
2288,vaunt,123.0
2289,retro,143.4
2290,flock,105.0
2291,dance,139.5
2292,dwelt,124.5
2293,crank,127.5
2294,fetch,121.5
2295,sneer,132.0
2296,qualm,105.0
2297,exalt,139.5
2298,salve,136.5
2299,glare,153.0
2300,refer,96.9
2301,totem,121.8
2302,bagel,130.5
2303,alert,169.5
2304,koala,115.2
2305,weary,136.5
2306,demon,127.5
2307,suave,130.5
2308,tooth,96.89999999999999
2309,spree,123.0
2310,aloft,141.0
2311,remit,145.5
2312,heron,150.0
2313,limbo,117.0
2314,candy,123.0
